name,code
Schmeler Group,EUM
Schowalter Inc,QPE
Bogan Group,ZAJ
Goldner LLC,JSH
"Wilderman, MacGyver and Stanton",DXJ
"Gibson, Reinger and Zulauf",AIH
Borer Inc,CPS
Daugherty and Sons,AQD
Bradtke - Wolff,LUV
Gerhold Group,QMO
Davis - Nicolas,TCU
"McDermott, Flatley and Mante",VHO
Lesch LLC,QRL
"Sporer, Runolfsson and Bernhard",JWM
"Hermiston, McCullough and Abshire",RFD
"Konopelski, Runolfsdottir and Emmerich",MGI
Conroy LLC,GMI
"Keebler, Prohaska and Hills",ULY
"Beatty, Bayer and Bernhard",YRM
Hilpert - Carter,ZVL
"Crooks, Dare and Collier",QAH
"Bashirian, Thompson and Medhurst",GDR
"Balistreri, Franecki and Hane",ZAF
"Stokes, Hammes and Carter",NOX
Fay - Maggio,XDN
"Brakus, West and Howe",SCT
Luettgen - Kshlerin,WLB
Parker - Lemke,OAL
Bins - Keeling,JZT
"Ratke, Ritchie and O'Kon",SPT
Weimann - Herzog,IBD
Schimmel - Nikolaus,ZXA
Glover - Altenwerth,OZX
Bode and Sons,BLT
Quigley - Aufderhar,VMD
O'Connell and Sons,WNF
King Inc,ZND
Huels LLC,ULE
"Kohler, Bednar and MacGyver",EAZ
Cronin - Gottlieb,ZBE
"Langosh, Cormier and Walsh",MOV
Dicki Group,DTY
Brakus - Hegmann,CDK
"Bayer, Baumbach and Feeney",LFY
"Marks, Abshire and Howe",GSB
"Purdy, Reichel and Parisian",QJW
"Beatty, Marquardt and Halvorson",EUD
"Balistreri, Leuschke and Russel",MTG
Johns LLC,GYQ
